scenario,metric,value,unit,note
spawn_to_current,time_to_90pct,5.12,s,"from rest on the corridor thalweg at 106 m, current 2.53 m/s"
lateral_step,time_to_50pct_offset,1.42,s,"full right steer for 2.5 s from the left side; max offset 7.21 m"
lateral_step,offset_after_2_5s,7.214,m,""
lateral_step,peak_lateral_speed,3.275,m/s,"relative to the water"
yaw_current,input_to_visible_response,0.04,s,"digital full steer (keyboard) until the yaw rate reaches 8 deg/s"
yaw_current,time_to_80pct_steer,0.32,s,"until the hull is at 80% of the full steer angle (40 deg to the flow)"
yaw_current,peak_yaw_rate,164.059,deg/s,"full right steer for 2.5 s in the corridor current"
yaw_current,max_angle_to_flow,50.132,deg,"the held ferry angle"
yaw_current,time_to_90pct_angle,0.38,s,""
yaw_current,return_to_downstream,0.32,s,"after releasing, until within 10 deg of the flow"
yaw_still,peak_yaw_rate,84.829,deg/s,"full right steer in the backwater (current 0.02 m/s)"
yaw_still,steady_yaw_rate,83.605,deg/s,"mean over seconds 2-5"
settle,waterline_offset,0.003,m,"root height above the surface at rest (seconds 2-4); includes the gentle bob"
settle,rms_vertical_speed,0.054,m/s,"jitter check"
settle,max_tilt,0.098,deg,"largest pitch or roll at rest"
backwater_glide,glide_to_stop,6.92,s,"after 4 s of paddling, released at 3.21 m/s, until < 0.1 m/s relative to the water"
backwater_glide,glide_distance,7.31,m,""
backwater_glide,release_speed,3.207,m/s,"start depth 1.0 m"
backwater_exit,strokes_to_leave,13,strokes,"paddle held from the backwater center toward the main current (> 0.8 m/s)"
backwater_exit,time_to_leave,7.82,s,""
eddy_1,holds,1,bool,"Eddy (r 2.3 m, pocket 7.0 m) at 230 m; no input for 8 s"
eddy_1,mean_speed_4_8s,0.209,m/s,""
eddy_1,drift_from_spot,1.755,m,""
eddy_2,holds,0,bool,"Logjam (r 2.2 m, pocket 7.7 m) at 856 m; no input for 8 s"
eddy_2,mean_speed_4_8s,2.467,m/s,""
eddy_2,drift_from_spot,20.179,m,""
eddy_line,peak_yaw_rate,15.858,deg/s,"drifting past Eddy along its eddy line, no input for 6 s; peak bow-stern shear 0.77 m/s"
eddy_line,heading_change,2.927,deg,""
impact_1_2ms,level,0,level (0 bump 1 scrape 2 spin-out 3 capsize),"bow-first into Logjam at 1.2 m/s; first contact intensity 0.41, normal y 0.13"
impact_1_2ms,capsize_to_upright,0,s,"0 = never capsized"
impact_3_5ms,level,2,level (0 bump 1 scrape 2 spin-out 3 capsize),"bow-first into Logjam at 3.5 m/s; first contact intensity 0.61, normal y 0.13"
impact_3_5ms,capsize_to_upright,0,s,"0 = never capsized"
impact_5_0ms_glancing,level,1,level (0 bump 1 scrape 2 spin-out 3 capsize),"glancing along Logjam at 5.0 m/s; first contact intensity 0.48, normal y 0.29"
impact_5_0ms_glancing,capsize_to_upright,0,s,"0 = never capsized"
impact_7_0ms,level,3,level (0 bump 1 scrape 2 spin-out 3 capsize),"bow-first into Logjam at 7.0 m/s; first contact intensity 1.00, normal y 0.10"
impact_7_0ms,capsize_to_upright,3.74,s,"0 = never capsized"
impact_7_0ms_roll,level,3,level (0 bump 1 scrape 2 spin-out 3 capsize),"bow-first into Logjam at 7.0 m/s, Roll pressed in the sweet spot; first contact intensity 1.00, normal y 0.13"
impact_7_0ms_roll,capsize_to_upright,1.62,s,"0 = never capsized"
air_pour_over_gorge_drift,max_airtime,0.54,s,"PourOver at 371 m, lateral 1.4 m, no paddling"
air_pour_over_gorge_drift,jumps,1,count,""
air_pour_over_gorge_drift,total_airtime,0.54,s,""
air_pour_over_gorge_drift,takeoff_speed,7.156,m/s,""
air_pour_over_gorge_drift,landing_impact,2.242,m/s,""
air_pour_over_gorge_paddle,max_airtime,0.56,s,"PourOver at 371 m, lateral 1.4 m, paddle held"
air_pour_over_gorge_paddle,jumps,1,count,""
air_pour_over_gorge_paddle,total_airtime,0.56,s,""
air_pour_over_gorge_paddle,takeoff_speed,7.556,m/s,""
air_pour_over_gorge_paddle,landing_impact,2.221,m/s,""
air_chute__wave_train_drift,max_airtime,0.82,s,"ChuteWaveTrain at 411 m, lateral 0.0 m, no paddling"
air_chute__wave_train_drift,jumps,4,count,""
air_chute__wave_train_drift,total_airtime,1.82,s,""
air_chute__wave_train_drift,takeoff_speed,7.551,m/s,""
air_chute__wave_train_drift,landing_impact,2.655,m/s,""
air_chute__wave_train_paddle,max_airtime,1.04,s,"ChuteWaveTrain at 411 m, lateral 0.0 m, paddle held"
air_chute__wave_train_paddle,jumps,3,count,""
air_chute__wave_train_paddle,total_airtime,1.76,s,""
air_chute__wave_train_paddle,takeoff_speed,7.663,m/s,""
air_chute__wave_train_paddle,landing_impact,3.048,m/s,""
air_ledge_drift,max_airtime,0.5,s,"Ledge at 482 m, lateral 0.0 m, no paddling"
air_ledge_drift,jumps,2,count,""
air_ledge_drift,total_airtime,0.64,s,""
air_ledge_drift,takeoff_speed,7.6,m/s,""
air_ledge_drift,landing_impact,2.2,m/s,""
air_ledge_paddle,max_airtime,0.5,s,"Ledge at 482 m, lateral 0.0 m, paddle held"
air_ledge_paddle,jumps,2,count,""
air_ledge_paddle,total_airtime,0.64,s,""
air_ledge_paddle,takeoff_speed,7.848,m/s,""
air_ledge_paddle,landing_impact,2.338,m/s,""
air_pour_over_logjam_run_drift,max_airtime,0.3,s,"PourOver at 845 m, lateral -2.4 m, no paddling"
air_pour_over_logjam_run_drift,jumps,3,count,""
air_pour_over_logjam_run_drift,total_airtime,0.6,s,""
air_pour_over_logjam_run_drift,takeoff_speed,3.764,m/s,""
air_pour_over_logjam_run_drift,landing_impact,1.218,m/s,""
air_pour_over_logjam_run_paddle,max_airtime,0.64,s,"PourOver at 845 m, lateral -2.4 m, paddle held"
air_pour_over_logjam_run_paddle,jumps,1,count,""
air_pour_over_logjam_run_paddle,total_airtime,0.64,s,""
air_pour_over_logjam_run_paddle,takeoff_speed,6.43,m/s,""
air_pour_over_logjam_run_paddle,landing_impact,2.272,m/s,""
air_log_ramp_drift,max_airtime,0.68,s,"LogRamp at 884 m, lateral 1.2 m, no paddling"
air_log_ramp_drift,jumps,4,count,""
air_log_ramp_drift,total_airtime,1.14,s,""
air_log_ramp_drift,takeoff_speed,3.617,m/s,""
air_log_ramp_drift,landing_impact,1.976,m/s,""
air_log_ramp_paddle,max_airtime,0.92,s,"LogRamp at 884 m, lateral 1.2 m, paddle held"
air_log_ramp_paddle,jumps,1,count,""
air_log_ramp_paddle,total_airtime,0.92,s,""
air_log_ramp_paddle,takeoff_speed,6.538,m/s,""
air_log_ramp_paddle,landing_impact,2.426,m/s,""
gorge_paddle,top_speed,8.488,m/s,"paddle held on the thalweg, knots 7-10"
gorge_paddle,mean_speed,7.56,m/s,""
gorge_paddle,top_current,6.8,m/s,""
gorge_paddle,section_time,19.82,s,""
gorge_paddle,bumps,0,count,""
autopilot_run,run_time,356.143,s,"spawn to 1117 m (includes the rest stop and eddy stops)"
autopilot_run,top_speed,9.264,m/s,""
autopilot_run,gorge_top_speed,9.264,m/s,""
autopilot_run,bumps,3,count,""
autopilot_run,jumps,7,count,""
autopilot_run,max_airtime,1.42,s,""
autopilot_run,airtime_chutewavetrain_chute__wave_train,1.42,s,"longest jump taking off there"
autopilot_run,airtime_logramp_log_ramp,1.24,s,"longest jump taking off there"
autopilot_run,airtime_pourover_pour_over_gorge,1.08,s,"longest jump taking off there"
autopilot_run,airtime_ledge_ledge,1,s,"longest jump taking off there"
autopilot_run,airtime_pourover_pour_over_logjam_run,0.7,s,"longest jump taking off there"
autopilot_run,eddy_catches,3,count,""
autopilot_run,eddy_holds,0,count,"mean speed < 0.6 m/s while parked"
autopilot_run,backwater_exit_strokes,9,strokes,"autopilot Leaving state"
autopilot_run,backwater_exit_time,11.142,s,""
